url,title,date_accessed
https://www.scnsoft.com/healthcare/healthcare-ai-trends/q4-2025,Q4 2025 Healthcare AI Trends (SCNSoft),2026-10-03
https://ai2.work/blog/ambient-ai-scribes-escape-fda-oversight-as-clinical-roles-grow,Ambient AI Scribes Escape FDA Oversight as Clinical Roles Grow (ai2.work),2026-10-03
https://hai.stanford.edu/news/inside-the-ai-index-12-takeaways-from-the-2026-report,Inside the AI Index: 12 Takeaways from the 2026 Report (Stanford HAI),2026-10-03
https://bolster.ai/blog/agentic-ai-bank-fraud-fsb,Agentic AI bank fraud and the FSB (Bolster),2026-10-03
https://www.theasianbanker.com/updates-and-articles/financial-stability-board-points-banks-towards-ai-monitoring-ai-as-human-oversight-reaches-its-limits,Financial Stability Board points banks towards AI monitoring AI (The Asian Banker),2026-10-03
https://ppc.land/visa-builds-payment-infrastructure-for-ai-agents-to-shop-on-your-behalf/,Visa builds payment infrastructure for AI agents to shop on your behalf (PPC Land),2026-10-03
https://www.oecd.org/en/publications/oecd-digital-education-outlook-2026_062a7394-en.html,OECD Digital Education Outlook 2026,2026-10-03
https://www.oecd.org/en/about/news/announcements/2026/01/ai-use-by-individuals-surges-across-the-oecd-as-adoption-by-firms-continues-to-expand,AI use by individuals surges across the OECD as adoption by firms continues to expand (OECD),2026-10-03
https://cadeproject.org/?p=151754,OECD report: Governing with Artificial Intelligence in government (CADE summary),2026-10-03
https://www.fao.org/digital-agriculture/ai-report,FAO digital agriculture AI report,2026-10-03
https://www.fao.org/e-agriculture/node/16580,Shaping the Future of Agriculture: FAO at AI for Good Summit 2025,2026-10-03
https://www.iea.org/news/ai-is-set-to-drive-surging-electricity-demand-from-data-centres-while-offering-the-potential-to-transform-how-the-energy-sector-works,AI is set to drive surging electricity demand from data centres (IEA Energy and AI),2026-10-03
https://thenextweb.com/news/industrial-robots-world-robotics-2026-china-59-eu-falls,"China installs 59% of new factory robots as EU installations fall 11% (TNW, IFR data)",2026-10-03
https://ifr.org/ifr-press-releases/news/top-5-global-robotics-trends-2025,Top 5 Global Robotics Trends 2025 (IFR),2026-10-03
https://finance.yahoo.com/sectors/technology/articles/one-million-robots-amazon-automation-183547807.html,One million robots: Amazon automation (Yahoo Finance),2026-10-03
https://www.marketscale.com/industries/transportation/autonomous-trucks-warehouse-robots-and-drones-converge-as-supply-chain-automation-accelerates.md,"Autonomous trucks, warehouse robots, and drones converge as supply chain automation accelerates (MarketScale)",2026-10-03
https://www.malaymail.com/news/tech-gadgets/2026/06/20/the-feed-has-replaced-the-front-page-report-says-ai-tiktok-and-creators-are-changing-how-we-get-news/224521,The feed has replaced the front page: Reuters Institute Digital News Report 2026 coverage (Malay Mail),2026-10-03
https://www.gibsondunn.com/eu-ai-act-omnibus-agreement-postponed-high-risk-deadlines-and-other-key-changes/,EU AI Act Omnibus Agreement: Postponed High-Risk Deadlines (Gibson Dunn),2026-10-03
https://www.harvey.ai/blog/harvey-raises-growth-round-at-dollar11-billion-valuation-co-led-by-gic-and-sequoia,Harvey raises growth round at $11 billion valuation (Harvey),2026-10-03
https://www.krungsri.com/en/research/research-intelligence/agentic-commerce-2026,Agentic Commerce: When AI Shops on Our Behalf (Krungsri Research),2026-10-03
https://www.mckinsey.com/capabilities/tech-and-ai/our-insights/the-state-of-ai-2025,"The state of AI in 2025: Agents, innovation, and transformation (McKinsey)",2026-10-03
https://etradeforall.org/node/12999,"Future of Jobs Report 2025: fastest growing and declining jobs (WEF, via eTradeforall)",2026-10-03
https://www.morogluarseven.com/insights/publications/the-presidential-circular-on-the-turkiye-artificial-intelligence-action-plan-was-published/,Presidential circular on the Türkiye Artificial Intelligence Action Plan published (Moroğlu Arseven),2026-10-03
