id,title,url,date_accessed,used_for,verified
calib-001,"Ambient AI tool adoption in US hospitals and associated factors (AJMC, 2026-01-27)",https://www.ajmc.com/view/ambient-ai-tool-adoption-in-us-hospitals-and-associated-factors,2026-10-03,A01,
calib-002,"Ambient voice technology guidance launched by NHSE to support adoption (HTN, 2025-04-28)",https://htn.co.uk/2025/04/28/ambient-voice-technology-guidance-launched-by-nhse-to-support-adoption/,2026-10-03,A01,
calib-003,MHRA clarifies regulatory status of ambient voice technologies used in the NHS (GOV.UK),https://www.gov.uk/government/news/mhra-clarifies-regulatory-status-of-ambient-voice-technologies-used-in-the-nhs,2026-10-03,A01,
calib-004,Asan Medical Center rolls out GenAI-based medical voice scribe (MobiHealthNews),https://www.mobihealthnews.com/news/asia/asan-medical-center-rolls-out-genai-based-medical-voice-scribe,2026-10-03,A01,
calib-005,"AI takes over medical records at university hospital, saving doctors up to 30 days a year (Korea Times, 2025-08-14)",https://www.koreatimes.co.kr/amp/southkorea/health/20250814/ai-takes-over-medical-records-at-university-hospital-saving-doctors-up-to-30-days-a-year,2026-10-03,A01,
calib-006,Telepatia AI healthcare Latin America USD 33M a16z (The Next Web; vendor-reported reach),https://thenextweb.com/news/telepatia-ai-healthcare-latin-america-33m-a16z,2026-10-03,A01,
calib-007,Turkish medical dictation (Soniox; vendor page),https://soniox.com/soniox-app/use-cases/turkish-medical-dictation,2026-10-03,A01,
calib-008,Turkiye 2026-2030 AI Action Plan announced (Alo Maliye; seen via search summary only),https://www.alomaliye.com/2026/08/18/turkiyenin-yapay-zeka-plani-aciklandi/,2026-10-03,A01;A39,
calib-009,"Gov't allows self-driving freight truck trial operations on all highways (Korea Times, 2025-03)",https://koreatimes.co.kr/www/nation/2025/03/281_393439.html,2026-10-03,A24,
calib-010,Aurora says its technology will guide 200 driverless trucks by end of 2026 (DC Velocity),https://www.dcvelocity.com/transportation/trucking/autonomous-trucks/aurora-says-its-technology-will-guide-200-driverless-trucks-by-end-of-2026,2026-10-03,A24,
calib-011,"Pony AI Inc. Form 6-K H1 2026 results exhibit (SEC; Robotruck revenue claim taken from search summary of the 6-K set, exhibit mapping not verified)",https://www.sec.gov/Archives/edgar/data/0001969302/000110465926109772/tm2625374d1_ex99-1.pdf,2026-10-03,A24,
calib-012,Autonomous trucking developers accelerate commercial launches as 200 driverless rigs set for 2026 roads (Breakbulk News),https://breakbulk.news/autonomous-trucking-developers-accelerate-commercial-launches-as-200-driverless-rigs-set-for-2026-roads/,2026-10-03,A24,
calib-013,Ford Trucks'tan Seviye-4 Otoyol Pilotu (CNN Turk),https://www.cnnturk.com/otomobil/ford-truckstan-seviye-4-otoyol-pilotu-2151062,2026-10-03,A24,
calib-014,"Bakan Uraloglu, Ford Trucks'in Seviye-4 Otoyol Pilotu teknolojisine sahip kamyonunun test surusune katildi (Bengu Turk)",https://www.benguturk.com/ekonomi/bakan-uraloglu-ford-trucksin-seviye-4-otoyol-pilotu-teknolojisine-sahip-166708h,2026-10-03,A24,
calib-015,"Bakan Uraloglu: Otonom araclar yuzde 40'lara varan tasarruf saglayacak (DHA; headline seen only, page not fetched)",https://www.dha.com.tr/politika/bakan-uraloglu-otonom-araclar-yuzde-40lara-varan-tasarruf-saglayacak-2501547,2026-10-03,A24,
calib-016,Turkiye'de surucusuz (otonom) araclara hazirlik: Yonetmelik Resmi Gazete'de yayimlandi (NTV),"https://www.ntv.com.tr/otomobil/turkiyedesurucusuz-otonom-araclara-hazirlik-yonetmelik-resmi-gazetede-yayimlandi,czTMUcjqx0mWGoo13NXL1g",2026-10-03,A24,
calib-017,"Otonom araclarin surus sistemine yonelik yeni duzenlemeler getirildi (Webrazzi, 2024-12-02)",https://webrazzi.com/2024/12/02/otonom-araclarin-surus-sistemine-yonelik-duzenlemeler-getirildi/,2026-10-03,A24,
calib-018,"Brazil's Vale starts using autonomous trucks at its largest mining complex (BNamericas; mining, not counted as analogue)",https://www.bnamericas.com/en/news/brazils-vale-starts-using-autonomous-trucks-at-its-largest-mining-complex,2026-10-03,A24,
calib-019,"Ford Otosan AVL otonom tasimacilik (Motor1 Turkiye; R&D collaboration, funding not stated)",https://tr.motor1.com/news/483223/ford-otosan-avl-otonom-tasimacilik/,2026-10-03,A24,
calib-020,EU AI Act Article 2 Scope (European Commission AI Act Service Desk),https://ai-act-service-desk.ec.europa.eu/en/ai-act/article-2,2026-10-03,A39,
calib-021,"EU AI Act ban on certain AI practices and requirements for AI literacy come into effect (Mayer Brown, Jan 2025)",https://www.mayerbrown.com/zh-hans/insights/publications/2025/01/eu-ai-act-ban-on-certain-ai-practices-and-requirements-for-ai-literacy-come-into-effect,2026-10-03,A39,
calib-022,"EU AI Act news: rules on general-purpose AI start applying (Mayer Brown, Aug 2025)",https://www.mayerbrown.com/en/insights/publications/2025/08/eu-ai-act-news-rules-on-general-purpose-ai-start-applying-guidelines-and-template-for-summary-of-training-data-finalized,2026-10-03,A39,
calib-023,EU digital omnibus deal: simplification of AI Act and postponed deadlines (Stephenson Harwood),https://perspectives.stephensonharwood.com/post/102msaw/eu-digital-omnibus-deal-simplification-of-ai-act-and-postponed-deadlines,2026-10-03,A39,
calib-024,KPMG: AB ile is yapan her sirket yapay zeka yasasina uyumlu hale gelmeli (BloombergHT),https://www.bloomberght.com/kpmg-ab-ile-is-yapan-her-sirket-zeka-yasasina-uyumlu-hale-gelmeli-2349332,2026-10-03,A39,
calib-025,"Turkiye, yapay zekada AB standartlarina uyumu Ayna Komite calismalariyla sagliyor (TSE mirror committee; Bengu Turk)",https://www.benguturk.com/bilim-teknoloji/turkiye-yapay-zekada-ab-standartlarina-uyumu-ayna-komite-calismalariyla-132782h,2026-10-03,A39,
calib-026,"South Korea's AI Basic Act: overview and key takeaways (Cooley, 2026-01-27)",https://www.cooley.com/news/insight/2026/2026-01-27-south-koreas-ai-basic-act-overview-and-key-takeaways,2026-10-03,A39,
calib-027,Poland works to align local laws with EU AI Act (Hogan Lovells),https://www.hlc.com/en/publications/poland-works-to-align-local-laws-with-eu-ai-act,2026-10-03,A39,
calib-028,"Brazil national AI regulation PL 2338/2023 (regulations.ai; bill pending, not counted)",https://regulations.ai/regulations/RAI-BR-NA-PDLN2XX-2023,2026-10-03,A39,
calib-029,"Indonesia AI regulation overview (regulations.ai; drafts, not counted)",https://regulations.ai/regulations/RAI-ID-NA-SUMMARY-2026,2026-10-03,A39,
calib-030,A practical guide to the extraterritorial reach of the AI Act (William Fry),https://www.williamfry.com/knowledge/a-practical-guide-to-the-extraterritorial-reach-of-the-ai-act/,2026-10-03,A39,
calib-031,"Turkiye'de ilk yapay zeka kanunu TBMM'de (Turkgun; MHP deepfake/criminal-law bill, 2025-11-07)",https://www.turkgun.com/gundem/turkiyede-ilk-yapay-zeka-kanunu-tbmmde-uymayana-para-ve-hapis-cezasi/319736,2026-10-03,A39,
calib-032,Hearing to the Unseen: AudioMoth and BirdNET for monitoring cryptic bird species (Spain; PMC),https://www.ncbi.nlm.nih.gov/pmc/articles/PMC10459908/,2026-10-03,B01,
calib-033,BirdNET can be as good as experts for acoustic bird monitoring in a European city (bioRxiv preprint),https://www.biorxiv.org/content/10.1101/2024.09.17.613451.full.pdf,2026-10-03,B01,
calib-034,Mapping deep learning approaches for acoustic bird species classification in the Brazilian Pantanal (SBC),https://sol.sbc.org.br/index.php/wcama/article/view/43431,2026-10-03,B01,
calib-035,"Winiarska D., doctoral dissertation summary (AMU Poznan; manual vs BirdNET detection, Poland)",https://bip.amu.edu.pl/__data/assets/pdf_file/0025/554038/Winiarska-Dominika_streszczenie-rozprawy-doktorskiej-ANG.pdf,2026-10-03,B01,
calib-036,About BirdNET (Cornell Lab of Ornithology),https://birdnet.cornell.edu/about/,2026-10-03,B01,
calib-037,BiodivERsA+ 2022 BiodivMon call (TUBITAK announcement),https://www.tubitak.gov.tr/tr/duyuru/biodiversa-2022-yili-biodivmon-bilim-ve-toplum-icin-ekosistem-degisikliklerinin-ulusotesi-izlenmesi,2026-10-03,B01,
calib-038,Evaluation of an autonomous acoustic surveying technique for grassland bird communities in Nebraska (PMC),https://www.ncbi.nlm.nih.gov/pmc/articles/PMC11226020/,2026-10-03,B01,
calib-039,Turkiye says reports of exclusion from EU Horizon Europe program not accurate (Hurriyet Daily News),https://www.hurriyetdailynews.com/turkiye-says-reports-of-exclusion-from-eu-horizon-europe-program-not-accurate-220552,2026-10-03,B01,
calib-040,Large-scale avian vocalization detection delivers reliable global biodiversity insights (PMC),https://www.ncbi.nlm.nih.gov/pmc/articles/PMC11331061/,2026-10-03,B01,
calib-041,TUBITAK Destek Sureclerinde Uretken Yapay Zeka Kullanimina Yonelik Yeni Rehber Yayinlandi (TUBITAK),https://tubitak.gov.tr/tr/duyuru/tubitak-destek-sureclerinde-uretken-yapay-zeka-kullanimina-yonelik-yeni-rehber-yayinlandi,2026-10-03,B18,
calib-042,"TUBITAK UYZ Rehberi v02 (Sept 2025; PDF seen in results, not opened)",https://tubitak.gov.tr/sites/default/files/2025-09/UYZ_Rehberi-v02.pdf,2026-10-03,B18,
calib-043,AI grant application policies (Thesify; secondary summary of NIH NOT-OD-25-132 and Horizon Europe rules),https://www.thesify.ai/blog/ai-grant-application-policies,2026-10-03,B18,
calib-044,"The Use of Generative AI in Research Grant Applications (SRA International, 2025-10-09)",https://www.srainternational.org/blogs/srai-news/2025/10/09/the-use-of-ai-in-research-grant-applications,2026-10-03,B18,
calib-045,Um terco das organizacoes sem fins de lucro no Brasil ja usa IA generativa (CETIC.br TIC Nonprofit 2025),https://cetic.br/en/noticia/um-terco-das-organizacoes-sem-fins-de-lucro-no-brasil-ja-usa-ia-generativa-aponta-pesquisa-do-cetic-br/,2026-10-03,B18,
calib-046,Funders' insights on AI-generated grant application proposals (Candid),https://candid.org/blogs/funders-insights-on-ai-generated-grant-application-proposals/,2026-10-03,B18,
calib-047,3 insights from nonprofits about generative AI (Google.org),https://blog.google/company-news/outreach-and-initiatives/google-org/google-for-nonprofits-generative-ai-report/,2026-10-03,B18,
calib-048,Endustri 4.0 baglaminda yapay zekanin ise alim surecine etkisi: sivil toplum ozelinde bir inceleme (Marmara Univ.),https://openaccess.marmara.edu.tr/entities/publication/97497129-e219-4fed-9d7c-bcf40e1a8af2,2026-10-03,B18,
calib-049,"Biodiversa+ 2025 BiodivConnect call: restoration of ecosystem functioning, integrity and connectivity; TR applicants via TUBITAK 1071, deadline 2025-11-07 (TUBITAK; URL via search result)",https://tubitak.gov.tr/tr/duyuru/biodiversa-2025-yili-ekosistem-islevlerinin-butunlugunun-ve-habitat-baglantilarinin-restorasyonu-biodivconnect-baslikli-cagrisi-acildi,2026-10-03,B01,
calib-050,"TABMON project launch: transnational acoustic biodiversity monitoring network, Biodiversa+/Horizon Europe (NINA; URL via search result)",https://tabmon-eu.nina.no/news/2024-04-project-launch/,2026-10-03,B01,
calib-051,"Flagship-pilot: large-scale demonstrations of CCAM (CCAM Partnership), Horizon Europe 2026 call (Cyprus funding programmes portal listing; URL via search result)",https://www.fundingprogrammesportal.gov.cy/en/call/flagship-pilot-large-scale-demonstrations-of-ccam-ccam-partnership-en-2026/,2026-10-03,A24,
calib-052,"Ford Otosan and AVL take an important step towards autonomous transportation (AVL press release; platooning tests, L4 hub-to-hub aim; URL via search result)",https://www.avl.com/en/press/press-release/ford-otosan-and-avl-take-important-step-towards-autonomous,2026-10-03,A24,
calib-053,Digital Omnibus on AI adopted: key changes to the AI Act and new compliance timeline (AKOS Slovenia; entry into force 2026-07-27; URL via search result),https://www.akos-rs.si/en/telecommunications/explore/news/news-1/sprejet-digitalni-omnibus-za-umetno-inteligenco-kljucne-spremembe-akta-o-umetni-inteligenci-in-novi-casovni-okvir-skladnosti,2026-10-03,A39,
calib-054,"AI Omnibus adopted: what still applies from August 2 (iubenda, July 2026; URL via search result)",https://www.iubenda.com/en/blog/ai-omnibus-adopted-august-2-obligations-july-2026/,2026-10-03,A39,
calib-055,UCLA study finds AI scribes may reduce documentation time and improve physician well-being (UCLA Health; NEJM AI RCT; URL via search result),https://www.uclahealth.org/news/release/ucla-study-finds-ai-scribes-may-reduce-documentation-time,2026-10-03,A01,
calib-056,"NEJM AI trial reports efficiency gains for physicians using Nabla (vendor press release; 9.5% time-in-note reduction vs control, DAX 1.7% n.s.; URL via search result)",https://nabla.com/press-release/nejm-ai-trial-reports-efficiency-gains-for-physicians-using-nablas-ambient-ai-assistant,2026-10-03,A01,
calib-057,Samsun'da yapay zeka destekli proje gelistirme egitimi tamamlandi (Yeni Birlik; OKA + Samsun BB; scope grant vs student projects unverified; URL via search result),https://www.gazetebirlik.com/egitim/samsunda-yapay-zeka-destekli-proje-gelistirme-egitimi-tamamlandi/1052133,2026-10-03,B18,
