site_id,treatment,year,season,hydroperiod_days,water_depth_cm,conductivity_uScm,emergent_cover_pct,macroinvert_richness,odonata_species,amphibian_species,sampling_effort_min
W01,restored,2022,spring,175,49.8,,21,4,2,1,45
W01,restored,2022,autumn,183,52.0,607,37,9,5,1,45
W01,restored,2023,spring,170,44.7,602,56,13,4,2,50
W01,restored,2023,autumn,166,54.9,512,25,6,3,3,45
W01,restored,2024,spring,201,47.3,771,61,9,4,3,50
W01,restored,2024,autumn,188,45.7,561,56,10,6,0,50
W02,restored,2022,spring,160,34.9,525,33,7,1,2,60
W02,restored,2022,autumn,136,29.5,,48,6,3,1,50
W02,restored,2023,spring,122,25.6,519,22,5,3,0,50
W02,restored,2023,autumn,111,33.5,535,28,3,2,1,45
W02,restored,2024,spring,163,33.5,646,31,6,2,1,40
W02,restored,2024,autumn,143,47.0,592,33,6,1,1,60
W03,restored,2022,spring,196,47.0,759,41,8,2,0,40
W03,restored,2022,autumn,160,26.4,779,48,9,5,0,50
W03,restored,2023,spring,143,52.3,612,46,6,2,2,60
W03,restored,2023,autumn,135,45.7,462,32,8,5,2,60
W03,restored,2024,spring,176,60.9,669,32,8,3,1,45
W03,restored,2024,autumn,171,55.8,552,36,8,5,1,60
W04,restored,2022,spring,215,64.2,616,29,4,0,3,40
W04,restored,2022,autumn,199,48.2,652,32,7,4,1,45
W04,restored,2023,spring,186,50.7,635,33,7,4,2,60
W04,restored,2023,autumn,189,40.6,635,48,4,0,1,60
W04,restored,2024,spring,221,58.9,609,64,11,3,1,60
W04,restored,2024,autumn,184,42.7,594,46,7,2,1,45
W05,restored,2022,spring,129,51.3,603,43,7,1,1,45
W05,restored,2022,autumn,174,34.0,556,29,4,5,1,40
W05,restored,2023,spring,131,28.7,566,28,7,3,0,60
W05,restored,2023,autumn,134,39.9,666,13,3,0,0,40
W05,restored,2024,spring,189,49.1,482,11,9,3,3,45
W05,restored,2024,autumn,151,45.7,732,30,7,4,2,45
W06,restored,2022,spring,178,42.0,684,53,7,2,0,50
W06,restored,2022,autumn,175,29.4,644,25,5,1,1,40
W06,restored,2023,spring,159,36.8,592,31,5,0,1,50
W06,restored,2023,autumn,152,38.5,696,5,6,2,0,50
W06,restored,2024,spring,190,42.5,697,27,10,3,1,40
W06,restored,2024,autumn,187,52.5,682,20,4,0,0,60
W07,reference,2022,spring,159,53.9,,42,11,3,1,50
W07,reference,2022,autumn,165,48.4,501,60,8,4,2,45
W07,reference,2023,spring,162,50.2,438,74,12,2,1,40
W07,reference,2023,autumn,166,46.1,504,30,7,6,1,60
W07,reference,2024,spring,199,59.8,459,67,10,4,2,40
W07,reference,2024,autumn,232,63.1,480,59,10,6,3,45
W08,reference,2022,spring,230,50.1,514,41,7,4,3,50
W08,reference,2022,autumn,214,62.1,,48,8,3,1,45
W08,reference,2023,spring,191,50.0,421,41,7,4,3,50
W08,reference,2023,autumn,182,28.4,457,69,8,4,3,50
W08,reference,2024,spring,237,66.1,344,62,13,3,3,40
W08,reference,2024,autumn,234,63.1,377,53,8,4,2,60
W09,reference,2022,spring,179,38.7,455,57,7,3,4,45
W09,reference,2022,autumn,190,43.1,419,54,9,5,2,40
W09,reference,2023,spring,167,44.3,578,65,9,4,0,60
W09,reference,2023,autumn,168,43.5,432,42,,,,45
W09,reference,2024,spring,195,49.1,534,71,9,5,1,50
W09,reference,2024,autumn,182,41.6,475,74,8,4,1,45
W10,reference,2022,spring,265,70.6,285,65,13,3,2,60
W10,reference,2022,autumn,274,74.7,618,73,9,5,4,60
W10,reference,2023,spring,246,66.2,301,58,12,6,4,45
W10,reference,2023,autumn,229,68.9,385,37,10,5,2,60
W10,reference,2024,spring,253,71.8,504,60,13,5,4,50
W10,reference,2024,autumn,276,56.2,550,46,10,6,3,60
W11,reference,2022,spring,207,41.1,385,63,11,4,4,60
W11,reference,2022,autumn,217,64.6,504,84,12,6,2,45
W11,reference,2023,spring,199,50.8,519,64,9,3,0,60
W11,reference,2023,autumn,211,57.8,393,75,10,5,2,50
W11,reference,2024,spring,225,42.7,403,46,10,5,3,40
W11,reference,2024,autumn,228,57.2,508,60,10,3,2,45
W12,reference,2022,spring,201,55.4,525,65,8,2,2,45
W12,reference,2022,autumn,178,59.4,372,73,9,5,2,60
W12,reference,2023,spring,165,46.3,519,44,6,2,2,50
W12,reference,2023,autumn,174,56.9,582,47,6,3,1,50
W12,reference,2024,spring,220,48.6,297,50,11,1,4,45
W12,reference,2024,autumn,200,46.5,581,53,11,4,1,50
